Category,Designator(s),Qty,Value / Description,Footprint / Package,Primary Sourcing Store,Search Term / Mfr Part #,Est. Unit Cost ($),Est. Extended Cost ($),Sourcing Notes & Alternatives
Resistors,"R2, R9, R17",3,390 Ω 1/4W 1% Metal Film,Axial DIN0207 (7.62mm pitch),SAYAL Electronics (Pickup) or Tayda,MFR-25FTE52-390R,0.05,0.15,Can substitute standard 5% Carbon Film. In stock at Sayal bins.
Resistors,R6,1,1 kΩ 1/4W 1% Metal Film,Axial DIN0207 (7.62mm pitch),SAYAL Electronics (Pickup) or Tayda,MFR-25FTE52-1K,0.05,0.05,Can substitute standard 5% Carbon Film. In stock at Sayal bins.
Resistors,R7,1,1.5 kΩ 1/4W 1% Metal Film,Axial DIN0207 (7.62mm pitch),SAYAL Electronics (Pickup) or Tayda,MFR-25FTE52-1K5,0.05,0.05,Can substitute standard 5% Carbon Film. In stock at Sayal bins.
Resistors,R21,1,2.7 kΩ 1/4W 1% Metal Film,Axial DIN0207 (7.62mm pitch),SAYAL Electronics (Pickup) or Tayda,MFR-25FTE52-2K7,0.05,0.05,Can substitute standard 5% Carbon Film. In stock at Sayal bins.
Resistors,"R12, R18, R22",3,10 kΩ 1/4W 1% Metal Film,Axial DIN0207 (7.62mm pitch),SAYAL Electronics (Pickup) or Tayda,MFR-25FTE52-10K,0.05,0.15,Can substitute standard 5% Carbon Film. In stock at Sayal bins.
Resistors,"R4, R11, R14",3,12 kΩ 1/4W 1% Metal Film,Axial DIN0207 (7.62mm pitch),SAYAL Electronics (Pickup) or Tayda,MFR-25FTE52-12K,0.05,0.15,Can substitute standard 5% Carbon Film. In stock at Sayal bins.
Resistors,"R24, R25",2,22 kΩ 1/4W 1% Metal Film,Axial DIN0207 (7.62mm pitch),SAYAL Electronics (Pickup) or Tayda,MFR-25FTE52-22K,0.05,0.10,Can substitute standard 5% Carbon Film. In stock at Sayal bins.
Resistors,R13,1,39 kΩ 1/4W 1% Metal Film,Axial DIN0207 (7.62mm pitch),SAYAL Electronics (Pickup) or Tayda,MFR-25FTE52-39K,0.05,0.05,Can substitute standard 5% Carbon Film. In stock at Sayal bins.
Resistors,"R1, R8, R15, R20",4,100 kΩ 1/4W 1% Metal Film,Axial DIN0207 (7.62mm pitch),SAYAL Electronics (Pickup) or Tayda,MFR-25FTE52-100K,0.05,0.20,Can substitute standard 5% Carbon Film. In stock at Sayal bins.
Resistors,"R3, R10, R16, R19",4,470 kΩ 1/4W 1% Metal Film,Axial DIN0207 (7.62mm pitch),SAYAL Electronics (Pickup) or Tayda,MFR-25FTE52-470K,0.05,0.20,Can substitute standard 5% Carbon Film. In stock at Sayal bins.
Capacitors - Ceramic,"C1, C4, C8",3,500 pF 50V Ceramic Disc,Radial Disc (2.5mm pitch),SAYAL Electronics (Pickup) or Tayda,500pF Ceramic Disc Capacitor,0.10,0.30,"Sayal may have 470pF or 560pF, which are perfectly acceptable substitutes."
Capacitors - Film,C13,1,0.0039 µF (3.9nF) 63V Polyester Film,Box/Polyester Film (5.0mm pitch),SAYAL Electronics (Pickup) or Tayda,3.9nF Box Capacitor,0.20,0.20,Green Poly/Mylar film caps or Box film caps work great. In stock at Sayal.
Capacitors - Film,C14,1,0.01 µF (10nF) 63V Polyester Film,Box/Polyester Film (5.0mm pitch),SAYAL Electronics (Pickup) or Tayda,10nF Box Capacitor,0.20,0.20,Green Poly/Mylar film caps or Box film caps work great. In stock at Sayal.
Capacitors - Film,"C7, C9",2,0.047 µF (47nF) 63V Polyester Film,Box/Polyester Film (5.0mm pitch),SAYAL Electronics (Pickup) or Tayda,47nF Box Capacitor,0.20,0.40,Green Poly/Mylar film caps or Box film caps work great. In stock at Sayal.
Capacitors - Film,"C3, C5, C6, C10, C11, C12",6,0.1 µF (100nF) 63V Polyester Film,Box/Polyester Film (5.0mm pitch),SAYAL Electronics (Pickup) or Tayda,100nF Box Capacitor,0.20,1.20,Green Poly/Mylar film caps or Box film caps work great. In stock at Sayal.
Capacitors - Electrolytic,C2,1,22 µF 25V Radial Electrolytic,Radial (2.0mm pitch / D5mm),SAYAL Electronics (Pickup) or Tayda,22uF 25V Radial Capacitor,0.10,0.10,Higher voltage rating like 35V or 50V works fine. In stock at Sayal.
Semiconductors,"Q1, Q2, Q3, Q4",4,2N5088 NPN TO-92 Transistor,TO-92 Inline THT,SAYAL Electronics (Pickup) or Tayda,BC547B / 2N5088 / 2N3904,0.15,0.60,BC547B is easily sourced at Sayal (note pinout: CBE vs EBC). 2N5088 is best for original gain profile.
Semiconductors,"D3, D4, D5, D6",4,1N4148 / 1N914 Silicon Diode,DO-35 Axial THT,SAYAL Electronics (Pickup) or Tayda,1N4148 / 1N914 Diode,0.05,0.20,Standard high-speed silicon switching diode. In stock at Sayal.
Semiconductors,D1,1,1N5817 Schottky Diode,DO-41 Axial THT,SAYAL Electronics (Pickup) or Tayda,1N5817 Diode,0.10,0.10,Reverse-polarity protection. In stock at Sayal.
Semiconductors,D2,1,3mm Red LED,LED 3mm THT,SAYAL Electronics (Pickup) or Tayda,3mm Red LED,0.15,0.15,Status indicator LED. In stock at Sayal.
Semiconductors,F1,1,100mA Polyfuse PTC Resettable Fuse,Bourns MF-RHT100 Radial THT,SAYAL Electronics (Pickup) or Tayda,PTC Resettable Fuse 100mA,0.25,0.25,Protects circuit from short-circuits. In stock at Sayal.
Connectors & Switches,"R5, R23, R26",3,100kΩ Linear 9mm vertical pot,Alpha 9mm Vertical (RD901F),Tayda Electronics (Online),100k ohm linear potentiometer 9mm,0.95,2.85,Sayal does NOT stock this miniature vertical PCB-mount type.
Connectors & Switches,"J2, J3",2,"1/4"" Mono Switched PCB Jack",Neutrik NMJ4HCD2 Custom,Tayda Electronics (Online),"1/4"" Mono Phone Jack Switched",0.99,1.98,Sayal does NOT stock this specific Neutrik PCB-mount footprint.
Connectors & Switches,SW6,1,3PDT Latching Stomp Switch,Custom 9-Pin 4.7mm Pitch THT,Tayda Electronics (Online) or LoveMySwitches,3PDT Latching Footswitch PCB,2.49,2.49,Sayal does NOT stock this heavy duty audio bypass switch.
Connectors & Switches,J1,1,2.1mm DC Barrel Jack PCB Mount,BarrelJack_Horizontal THT,Tayda Electronics or SAYAL,2.1mm DC Power Jack PCB mount,0.25,0.25,Standard pedal power jack. May be found in Sayal connector drawers.
Connectors & Switches,"SW4, SW5",2,14mm Glass Reed Switch (SPST-NO),SW_Reed_14mm_Custom (20mm pitch),DigiKey or Amazon / eBay,"Standex KSK-1A80-1015 / ""14mm reed switch""",1.00,2.00,Custom reed switch footprint. Sourced via Amazon/eBay in small lots or DigiKey.
Connectors & Switches,"J4, J5",2,3-Pin Magnetic Pogo Connector Pair,2.54mm Pitch Straight THT,Adafruit (Online),Adafruit Product ID 5360 (Right Angle),2.75,5.50,Note: Adafruit makes right-angle 5360. Straight version must be sourced from AliExpress/Amazon.
Hardware,BT1,1,9V Heavy Duty Battery Snap,Wire Pads 4.8mm Pitch,SAYAL Electronics (Pickup) or Tayda,9V battery snap vinyl,0.30,0.30,Standard 9V battery snap connector. In stock at Sayal.
