Ref,Val,Package,PosX,PosY,Rot,Side
"C1","500pF","C_Disc_D5.0mm_W2.5mm_P2.50mm",162.750000,-124.500000,0.000000,top
"C2","22uF","CP_Radial_D5.0mm_P2.00mm",139.000000,-133.000000,-90.000000,top
"C3","0.1uF","C_Rect_L7.0mm_W2.5mm_P5.00mm",165.500000,-88.000000,90.000000,top
"C4","500pF","C_Disc_D5.0mm_W2.5mm_P2.50mm",163.750000,-93.000000,0.000000,top
"C5","0.1uF","C_Rect_L7.0mm_W2.5mm_P5.00mm",174.500000,-93.000000,180.000000,top
"C6","0.1uF","C_Rect_L7.0mm_W2.5mm_P5.00mm",162.500000,-121.500000,0.000000,top
"C7","0.047uF","C_Rect_L7.0mm_W2.5mm_P5.00mm",155.000000,-93.000000,-90.000000,top
"C8","500pF","C_Disc_D5.0mm_W2.5mm_P2.50mm",137.750000,-124.000000,0.000000,top
"C9","0.047uF","C_Rect_L7.0mm_W2.5mm_P5.00mm",141.250000,-127.011600,180.000000,top
"C10","0.1uF","C_Rect_L7.0mm_W2.5mm_P5.00mm",152.000000,-106.000000,-90.000000,top
"C11","0.1uF","C_Rect_L7.0mm_W2.5mm_P5.00mm",126.750000,-82.750000,0.000000,top
"C12","0.1uF","C_Rect_L7.0mm_W2.5mm_P5.00mm",146.000000,-87.500000,90.000000,top
"C13","0.0039uF","C_Rect_L7.0mm_W2.5mm_P5.00mm",133.000000,-127.000000,180.000000,top
"C14","0.01uF","C_Rect_L7.0mm_W2.5mm_P5.00mm",139.250000,-82.750000,180.000000,top
"D1","1N5817","D_DO-35_SOD27_P7.62mm_Horizontal",140.500000,-95.310000,90.000000,top
"D2","LED","LED_D3.0mm",148.730000,-85.000000,0.000000,top
"D3","1N914","D_DO-35_SOD27_P7.62mm_Horizontal",162.810000,-88.000000,180.000000,top
"D4","1N914","D_DO-35_SOD27_P7.62mm_Horizontal",160.750000,-68.190000,-90.000000,top
"D5","1N914","D_DO-41_SOD81_P7.62mm_Horizontal",148.750000,-113.250000,90.000000,top
"D6","1N914","D_DO-35_SOD27_P7.62mm_Horizontal",150.120000,-118.500000,180.000000,top
"F1","Polyfuse","Fuse_Bourns_MF-RHT100",171.600000,-129.950000,-90.000000,top
"H1","~","MountingHole_M2",174.250000,-83.250000,0.000000,top
"H2","~","MountingHole_M2",142.500000,-83.000000,0.000000,top
"H3","~","MountingHole_M2",175.250000,-125.500000,0.000000,top
"J1","9V DC","BarrelJack_Horizontal",136.500000,-91.232500,0.000000,top
"J2","IN","J_6.35mm_NMJ4HCD2_Custom",127.075000,-99.460000,0.000000,top
"J3","OUT","J_6.35mm_NMJ4HCD2_Custom",173.925000,-115.790000,180.000000,top
"J4","PINHD_1x3_Female","PinSocket_1x03_P2.54mm_Horizontal",133.500000,-130.670000,0.000000,top
"J5","PINHD_1x3_Male","PinSocket_1x03_P2.54mm_Horizontal",176.100000,-135.970000,180.000000,top
"Q1","BC547","TO-92_Inline",165.245200,-128.053200,180.000000,top
"Q2","BC547","TO-92_Inline",159.000000,-93.500000,-90.000000,top
"Q3","BC547","TO-92_Inline",139.360000,-121.040000,90.000000,top
"Q4","BC547","TO-92_Inline",149.500000,-90.460000,-90.000000,top
"R1","100K","R_Axial_DIN0207_L6.3mm_D2.5mm_P7.62mm_Horizontal",172.500000,-122.500000,-90.000000,top
"R2","390","R_Axial_DIN0207_L6.3mm_D2.5mm_P7.62mm_Horizontal",164.250000,-136.000000,0.000000,top
"R3","470K","R_Axial_DIN0207_L6.3mm_D2.5mm_P7.62mm_Horizontal",166.011900,-118.688800,0.000000,top
"R4","12K","R_Axial_DIN0207_L6.3mm_D2.5mm_P7.62mm_Horizontal",168.000000,-127.810000,90.000000,top
"R5","100kB (SUSTAIN)","Potentiometer_Alpha_RD901F-40-00D_Single_Vertical",166.000000,-80.000000,90.000000,top
"R6","1K","R_Axial_DIN0207_L6.3mm_D2.5mm_P7.62mm_Horizontal",171.000000,-86.500000,-90.000000,top
"R7","1.5K","R_Axial_DIN0207_L6.3mm_D2.5mm_P7.62mm_Horizontal",143.000000,-91.190000,90.000000,top
"R8","100K","R_Axial_DIN0207_L6.3mm_D2.5mm_P7.62mm_Horizontal",159.000000,-83.000000,180.000000,top
"R9","390","R_Axial_DIN0207_L6.3mm_D2.5mm_P7.62mm_Horizontal",166.690000,-96.000000,0.000000,top
"R10","470K","R_Axial_DIN0207_L6.3mm_D2.5mm_P7.62mm_Horizontal",159.000000,-85.500000,180.000000,top
"R11","12K","R_Axial_DIN0207_L6.3mm_D2.5mm_P7.62mm_Horizontal",158.000000,-72.000000,90.000000,top
"R12","10K","R_Axial_DIN0207_L6.3mm_D2.5mm_P7.62mm_Horizontal",168.500000,-86.500000,-90.000000,top
"R13","39K","R_Axial_DIN0207_L6.3mm_D2.5mm_P7.62mm_Horizontal",156.000000,-118.500000,0.000000,top
"R14","12K","R_Axial_DIN0207_L6.3mm_D2.5mm_P7.62mm_Horizontal",131.190000,-123.500000,0.000000,top
"R15","100K","R_Axial_DIN0207_L6.3mm_D2.5mm_P7.62mm_Horizontal",150.690000,-116.000000,0.000000,top
"R16","470K","R_Axial_DIN0207_L6.3mm_D2.5mm_P7.62mm_Horizontal",131.190000,-121.000000,180.000000,top
"R17","390","R_Axial_DIN0207_L6.3mm_D2.5mm_P7.62mm_Horizontal",131.190000,-118.500000,180.000000,top
"R18","10K","R_Axial_DIN0207_L6.3mm_D2.5mm_P7.62mm_Horizontal",151.000000,-99.500000,-90.000000,top
"R19","470K","R_Axial_DIN0207_L6.3mm_D2.5mm_P7.62mm_Horizontal",146.000000,-93.810000,90.000000,top
"R20","100K","R_Axial_DIN0207_L6.3mm_D2.5mm_P7.62mm_Horizontal",142.000000,-72.750000,90.000000,top
"R21","2.7K","R_Axial_DIN0207_L6.3mm_D2.5mm_P7.62mm_Horizontal",148.500000,-99.500000,-90.000000,top
"R22","10K","R_Axial_DIN0207_L6.3mm_D2.5mm_P7.62mm_Horizontal",157.000000,-90.500000,180.000000,top
"R23","100kB (VOLUME)","Potentiometer_Alpha_RD901F-40-00D_Single_Vertical",147.500000,-80.000000,90.000000,top
"R24","22K","R_Axial_DIN0207_L6.3mm_D2.5mm_P7.62mm_Horizontal",125.000000,-122.750000,90.000000,top
"R25","22K","R_Axial_DIN0207_L6.3mm_D2.5mm_P7.62mm_Horizontal",139.500000,-72.690000,90.000000,top
"R26","100kB (TONE)","Potentiometer_Alpha_RD901F-40-00D_Single_Vertical",129.000000,-80.000000,90.000000,top
"SW6","SW_3PDT_Footswitch","SW_3PDT_Footswitch_9Pin_Custom",146.350000,-124.350000,0.000000,top
